                  epoch,         train/box_loss,         train/cls_loss,         train/dfl_loss,   metrics/precision(B),      metrics/recall(B),       metrics/mAP50(B),    metrics/mAP50-95(B),           val/box_loss,           val/cls_loss,           val/dfl_loss,                 lr/pg0,                 lr/pg1,                 lr/pg2
                      1,                 3.2746,                 2.4515,                 2.3681,                0.78866,                0.56357,                0.60215,                 0.2904,                    nan,                    nan,                    nan,              0.0033283,              0.0033283,              0.0033283
                      2,                 1.6432,                0.95179,                 1.1664,                0.87879,                0.71422,                0.76758,                0.42317,                    nan,                    nan,                    nan,              0.0058372,              0.0058372,              0.0058372
                      3,                 1.4801,                0.78668,                 1.0742,                 0.8788,                  0.726,                0.79393,                0.45066,                    nan,                    nan,                    nan,              0.0066966,              0.0066966,              0.0066966
                      4,                 1.3535,                0.68834,                 1.0291,                0.91219,                0.79035,                   0.86,                0.51989,                    nan,                    nan,                    nan,                0.00505,                0.00505,                0.00505
                      5,                 1.3004,                0.63834,                 1.0082,                0.92231,                0.81185,                0.87635,                0.53929,                    nan,                    nan,                    nan,              0.0043429,              0.0043429,              0.0043429
                      6,                 1.2372,                0.60131,                0.99164,                0.92999,                0.82437,                0.88684,                0.54812,                    nan,                    nan,                    nan,                0.00175,                0.00175,                0.00175
